n_stores,RMSE,MAE
10,301699.1221517926,165866.8758312564
