model,n_stores,RMSE,MAE,MAPE
ARIMA,10,80695.5431846674,62183.857629812366,3.4553991761889873
